{"count":1,"self":1425.7235968,"total":4993.8804998999994,"children":{"AgentSendState":{"count":641684,"self":222.0407296,"total":1336.289299,"children":{"CollectObservations":{"count":4620132,"self":57.04672,"total":57.0467222,"children":null},"CollectDiscreteActionMasks":{"count":4620132,"self":39.6720032,"total":39.6720028,"children":null},"AgentInfo.ToProto":{"count":4620132,"self":105.34401919999999,"total":1017.5298545999999,"children":{"GenerateSensorData":{"count":4620132,"self":282.06177279999997,"total":912.1858347,"children":{"RayPerceptionSensor.Perceive":{"count":4620132,"self":630.1240832,"total":630.1240707,"children":null}}}}}}},"DecideAction":{"count":641684,"self":2115.7023744,"total":2115.7024023,"children":null},"AgentAct":{"count":641684,"self":115.2161792,"total":115.2161756,"children":null},"AgentInfo.ToProto":{"count":3986,"self":0.1161348,"total":0.94748099999999991,"children":{"GenerateSensorData":{"count":3986,"self":0.34129309999999996,"total":0.83134619999999992,"children":{"RayPerceptionSensor.Perceive":{"count":3986,"self":0.49005309999999996,"total":0.49005309999999996,"children":null}}}}}},"gauges":{"SpaceshipPilot.CumulativeReward":{"count":3986,"max":4149.58154,"min":1.34999776,"runningAverage":72.35321,"value":166.123642,"weightedAverage":1102.0293}},"metadata":{"timer_format_version":"0.1.0","start_time_seconds":"1605895477","unity_version":"2019.4.13f1","command_line_arguments":"C:\\Program Files\\Unity\\Hub\\Editor\\2019.4.13f1\\Editor\\Unity.exe -projectpath D:\/personal-projects\/GameDev\/UnityProjects\/MLPractice2D -useHub -hubIPC -cloudEnvironment production -hubSessionId 9c4b6590-2b5a-11eb-9f7d-7d759cb80def -accessToken 510hgMO2z9EGDvgVyHmtVE-KItxBUTkn7Ul2J121VUg005f","communication_protocol_version":"1.0.0","com.unity.ml-agents_version":"1.0.5","scene_name":"Training","end_time_seconds":"1605900470"}}